<?xml version="1.0" encoding="UTF-8"?>
<project-private xmlns="http://www.netbeans.org/ns/project-private/1">
    <editor-bookmarks xmlns="http://www.netbeans.org/ns/editor-bookmarks/2" lastBookmarkId="0"/>
    <open-files xmlns="http://www.netbeans.org/ns/projectui-open-files/2">
        <group>
            <file>file:/Users/raani/Desktop/AK/Goa%20Cafe%20Management/src/goa/cafe/management/ManageProduct.java</file>
            <file>file:/Users/raani/Desktop/AK/Goa%20Cafe%20Management/src/goa/cafe/management/ManageEmployee.java</file>
            <file>file:/Users/raani/Desktop/AK/Goa%20Cafe%20Management/src/goa/cafe/management/AddProduct.java</file>
            <file>file:/Users/raani/Desktop/AK/Goa%20Cafe%20Management/src/goa/cafe/management/NewEmployee.java</file>
            <file>file:/Users/raani/Desktop/AK/Goa%20Cafe%20Management/src/goa/cafe/management/Order.java</file>
            <file>file:/Users/raani/Desktop/AK/Goa%20Cafe%20Management/src/goa/cafe/management/ViewBill.java</file>
            <file>file:/Users/raani/Desktop/AK/Goa%20Cafe%20Management/src/goa/cafe/management/AdminLogin.java</file>
            <file>file:/Users/raani/Desktop/AK/Goa%20Cafe%20Management/src/goa/cafe/management/Conn.java</file>
            <file>file:/Users/raani/Desktop/AK/Goa%20Cafe%20Management/src/goa/cafe/management/GoaCafeManagement.java</file>
            <file>file:/Users/raani/Desktop/AK/Goa%20Cafe%20Management/src/goa/cafe/management/Dashboard.java</file>
        </group>
    </open-files>
</project-private>
